{
  "naive_model": {
    "model_name": "Naive Model (deepseek 7b base)",
    "avg_metrics": {
      "avg_rouge1_f": 0.32345523638272694,
      "avg_rouge2_f": 0.13501532029703722,
      "avg_rougeL_f": 0.22164791268008988,
      "avg_bleu": 0.07484207443600036,
      "avg_bertscore_f1": 0.2652192324399948
    },
    "topic_metrics": {
      "Growth Hormone": {
        "count": 1,
        "rouge1_f": 0.14814814814814817,
        "rouge2_f": 0.04672897196261682,
        "rougeL_f": 0.12037037037037038,
        "bleu": 0.02702497604781939,
        "bertscore_f1": 0.1131601557135582
      },
      "IFS vs. CBT": {
        "count": 1,
        "rouge1_f": 0.3356643356643357,
        "rouge2_f": 0.1276595744680851,
        "rougeL_f": 0.1958041958041958,
        "bleu": 0.01737886444638954,
        "bertscore_f1": 0.3202034831047058
      },
      "MDMA": {
        "count": 1,
        "rouge1_f": 0.3272727272727273,
        "rouge2_f": 0.03773584905660378,
        "rougeL_f": 0.1818181818181818,
        "bleu": 0.01776595778887597,
        "bertscore_f1": 0.2777286767959595
      },
      "Therapy": {
        "count": 1,
        "rouge1_f": 0.14814814814814817,
        "rouge2_f": 0.04672897196261682,
        "rougeL_f": 0.12037037037037038,
        "bleu": 0.02702497604781939,
        "bertscore_f1": 0.1131601557135582
      },
      "audience engagement": {
        "count": 1,
        "rouge1_f": 0.17391304347826086,
        "rouge2_f": 0.08955223880597013,
        "rougeL_f": 0.14492753623188406,
        "bleu": 0.01866639147870546,
        "bertscore_f1": 0.1768631637096405
      },
      "brain-body interaction": {
        "count": 1,
        "rouge1_f": 0.11548556430446195,
        "rouge2_f": 0.0474934036939314,
        "rougeL_f": 0.09448818897637795,
        "bleu": 0.00656525620025329,
        "bertscore_f1": 0.0675097331404686
      },
      "circadian rhythm": {
        "count": 1,
        "rouge1_f": 0.4233576642335766,
        "rouge2_f": 0.2074074074074074,
        "rougeL_f": 0.23357664233576642,
        "bleu": 0.11630057913479468,
        "bertscore_f1": 0.28444617986679077
      },
      "cold exposure": {
        "count": 1,
        "rouge1_f": 0.5614035087719299,
        "rouge2_f": 0.2909090909090909,
        "rougeL_f": 0.42105263157894735,
        "bleu": 0.2692774258928226,
        "bertscore_f1": 0.433163046836853
      },
      "electrolyte balance": {
        "count": 1,
        "rouge1_f": 0.2631578947368421,
        "rouge2_f": 0.10666666666666667,
        "rougeL_f": 0.2105263157894737,
        "bleu": 0.02127099287339852,
        "bertscore_f1": 0.28608769178390503
      },
      "healthcare communication": {
        "count": 1,
        "rouge1_f": 0.5081967213114754,
        "rouge2_f": 0.3,
        "rougeL_f": 0.3934426229508196,
        "bleu": 0.2247513072359167,
        "bertscore_f1": 0.4828299582004547
      },
      "hormone regulation": {
        "count": 1,
        "rouge1_f": 0.11548556430446195,
        "rouge2_f": 0.0474934036939314,
        "rougeL_f": 0.09448818897637795,
        "bleu": 0.00656525620025329,
        "bertscore_f1": 0.0675097331404686
      },
      "immune system": {
        "count": 1,
        "rouge1_f": 0.5614035087719299,
        "rouge2_f": 0.2909090909090909,
        "rougeL_f": 0.42105263157894735,
        "bleu": 0.2692774258928226,
        "bertscore_f1": 0.433163046836853
      },
      "ketamine": {
        "count": 1,
        "rouge1_f": 0.3779527559055118,
        "rouge2_f": 0.096,
        "rougeL_f": 0.22047244094488186,
        "bleu": 0.029418993261027326,
        "bertscore_f1": 0.210200235247612
      },
      "light exposure": {
        "count": 1,
        "rouge1_f": 0.4233576642335766,
        "rouge2_f": 0.2074074074074074,
        "rougeL_f": 0.23357664233576642,
        "bleu": 0.11630057913479468,
        "bertscore_f1": 0.28444617986679077
      },
      "medical tests": {
        "count": 1,
        "rouge1_f": 0.5081967213114754,
        "rouge2_f": 0.3,
        "rougeL_f": 0.3934426229508196,
        "bleu": 0.2247513072359167,
        "bertscore_f1": 0.4828299582004547
      },
      "neurotoxicity": {
        "count": 1,
        "rouge1_f": 0.3272727272727273,
        "rouge2_f": 0.03773584905660378,
        "rougeL_f": 0.1818181818181818,
        "bleu": 0.01776595778887597,
        "bertscore_f1": 0.2777286767959595
      },
      "non-dual state": {
        "count": 1,
        "rouge1_f": 0.3779527559055118,
        "rouge2_f": 0.096,
        "rougeL_f": 0.22047244094488186,
        "bleu": 0.029418993261027326,
        "bertscore_f1": 0.210200235247612
      },
      "patient education": {
        "count": 1,
        "rouge1_f": 0.5081967213114754,
        "rouge2_f": 0.3,
        "rougeL_f": 0.3934426229508196,
        "bleu": 0.2247513072359167,
        "bertscore_f1": 0.4828299582004547
      },
      "podcast support": {
        "count": 1,
        "rouge1_f": 0.17391304347826086,
        "rouge2_f": 0.08955223880597013,
        "rougeL_f": 0.14492753623188406,
        "bleu": 0.01866639147870546,
        "bertscore_f1": 0.1768631637096405
      },
      "retraction": {
        "count": 1,
        "rouge1_f": 0.3272727272727273,
        "rouge2_f": 0.03773584905660378,
        "rougeL_f": 0.1818181818181818,
        "bleu": 0.01776595778887597,
        "bertscore_f1": 0.2777286767959595
      },
      "self-leadership": {
        "count": 1,
        "rouge1_f": 0.3356643356643357,
        "rouge2_f": 0.1276595744680851,
        "rougeL_f": 0.1958041958041958,
        "bleu": 0.01737886444638954,
        "bertscore_f1": 0.3202034831047058
      },
      "therapy": {
        "count": 1,
        "rouge1_f": 0.3779527559055118,
        "rouge2_f": 0.096,
        "rougeL_f": 0.22047244094488186,
        "bleu": 0.029418993261027326,
        "bertscore_f1": 0.210200235247612
      },
      "therapy models": {
        "count": 1,
        "rouge1_f": 0.3356643356643357,
        "rouge2_f": 0.1276595744680851,
        "rougeL_f": 0.1958041958041958,
        "bleu": 0.01737886444638954,
        "bertscore_f1": 0.3202034831047058
      },
      "white blood cells": {
        "count": 1,
        "rouge1_f": 0.5614035087719299,
        "rouge2_f": 0.2909090909090909,
        "rougeL_f": 0.42105263157894735,
        "bleu": 0.2692774258928226,
        "bertscore_f1": 0.433163046836853
      },
      "yerba mate": {
        "count": 1,
        "rouge1_f": 0.2631578947368421,
        "rouge2_f": 0.10666666666666667,
        "rougeL_f": 0.2105263157894737,
        "bleu": 0.02127099287339852,
        "bertscore_f1": 0.28608769178390503
      }
    }
  },
  "traditional_model": {
    "model_name": "Traditional Model (LSTM)",
    "avg_metrics": {
      "avg_rouge1_f": 0.2693523827111798,
      "avg_rouge2_f": 0.06331881827037097,
      "avg_rougeL_f": 0.17673727637717224,
      "avg_bleu": 0.02220669169193204,
      "avg_bertscore_f1": 0.13181463181972503
    },
    "topic_metrics": {
      "Growth Hormone": {
        "count": 1,
        "rouge1_f": 0.46376811594202894,
        "rouge2_f": 0.1791044776119403,
        "rougeL_f": 0.2608695652173913,
        "bleu": 0.045240247560640066,
        "bertscore_f1": 0.31161069869995117
      },
      "MDMA": {
        "count": 1,
        "rouge1_f": 0.16666666666666669,
        "rouge2_f": 0.0,
        "rougeL_f": 0.09999999999999999,
        "bleu": 0.013948420003997713,
        "bertscore_f1": 0.03802000358700752
      },
      "Metabolism": {
        "count": 1,
        "rouge1_f": 0.46376811594202894,
        "rouge2_f": 0.1791044776119403,
        "rougeL_f": 0.2608695652173913,
        "bleu": 0.045240247560640066,
        "bertscore_f1": 0.31161069869995117
      },
      "Nutrition": {
        "count": 1,
        "rouge1_f": 0.3243243243243243,
        "rouge2_f": 0.08333333333333334,
        "rougeL_f": 0.2162162162162162,
        "bleu": 0.021217208622612095,
        "bertscore_f1": 0.06813059002161026
      },